,LEFT_SHOULDER,LEFT_ELBOW,LEFT_WRIST,LEFT_HIP,LEFT_KNEE,LEFT_ANKLE,RIGHT_SHOULDER,RIGHT_ELBOW,RIGHT_WRIST,RIGHT_HIP,RIGHT_KNEE,RIGHT_ANKLE
0,131.9082798186767,128.2898731316611,172.40458056965318,137.88090242095183,107.50760417174004,144.1159200580563,158.33130031253904,24.981728228795244,179.91911060201792,168.0179777234035,175.60035167759528,176.0269806700906
1,119.41149814659232,138.65577112033003,172.4556889730032,134.0769518874241,113.18531860721953,152.5673299871091,162.81435883077057,13.256035015252175,176.52927153790802,166.44839075342148,172.36805474327738,153.57231656661375
2,118.81977885577393,139.85350050528032,171.39983312615996,134.31025851110775,114.23868508129411,153.86721952090284,163.30454202515853,10.505620010605092,178.69079907957857,165.1996134096821,170.84631193191885,151.7497409962082
3,117.85453595177525,135.6752996296388,172.34469176812217,131.13300360654566,121.53824843823537,146.35033775382388,160.4104343725341,19.765292101271985,170.8853567137992,164.3529472610047,168.52014585253013,146.7247984515309
4,116.90018125535138,136.60535261883442,171.01125792349228,130.75154200073217,119.66548374622991,149.80936601261737,159.31413343057602,20.69340083154341,170.12764512807354,163.0102973266607,167.8034022497698,150.4844090848933
5,114.6607429233298,140.41436931631333,167.04601098825628,131.06352922656995,124.76384691697606,149.2094584237344,124.22104716154094,56.52855762403689,169.75810721023532,160.67561971688176,167.39691590846087,155.41676836168045
6,111.3374828960393,142.5505181971505,165.628235535414,130.89069444940904,123.28679717437134,146.89953127474092,113.75566158350455,64.8893443581651,165.667820949934,160.1378212585058,167.86775810742432,155.08440878121965
7,108.48234134247913,143.50625905196443,167.26722792645162,131.0717763656481,126.89807037323314,143.18978822723517,89.49524959412662,89.9196507154831,163.71943198810547,160.128273070246,167.09366607160297,146.65181806199507
8,106.425854144436,144.59008559399774,166.10105889201128,133.28626688713197,129.25781323116226,139.7509345569073,81.7287667426309,97.27978832927164,160.61545861626604,159.09328786067582,166.96025577995508,142.37559635941648
9,98.1607181942995,147.93742503930508,166.9772879274015,134.01039512307685,133.6303954592016,136.64319284639853,62.74739597223516,118.23742649186464,168.21740840889612,159.6745688745674,165.02091679603495,151.55379101417066
10,95.22673262262337,150.2281895295146,166.79822785915036,134.93328579911986,135.4024560777666,136.21534308238452,60.97366837260237,121.89223534134658,171.53226962435943,159.94397771005282,164.25320233426575,156.18877275131865
11,90.4778881333714,154.9322603862078,166.25367884687947,135.77386533320418,144.09152718310526,130.82178089599472,55.59944256272937,131.66384957934469,174.70485688959687,161.3100137884252,166.69224361977052,153.44889400657073
12,91.1102694737942,155.27386647495558,166.5966808784681,135.06636515796797,145.1015405247498,131.71271868644925,56.16587610257464,132.1575381567266,178.43424679197034,162.16322808717956,167.58560255005355,149.9903588543711
13,88.56502357083716,157.83795254744714,168.04925352683483,134.5747505561383,149.73270920740492,136.80709105933312,56.04381059407088,133.700568268855,178.65835877643786,164.4098065760065,173.42694192101217,167.3100994622659
14,87.56511391551713,159.8511572147382,169.85090143519096,134.11894219160345,149.50625900207697,133.0915817460734,57.06198911689229,133.4045513822677,179.509874577943,165.79896236881603,175.19029990411408,172.80372912517865
15,84.6204832737296,162.8010218863655,168.73674523867993,132.95021443079446,156.02849465246413,138.88087013979663,59.19966247193313,134.05898209525603,178.78881468327938,168.38915528974564,178.2498074782203,173.92241514712498
16,83.35848609982001,164.04618246799978,169.1434146565097,131.63336061853775,157.39941464915321,140.53793873797792,59.98653293249736,134.24673146659396,178.6453019193471,170.36613213268419,177.69443364985992,171.17259222611196
17,84.46941327372465,167.18208467427812,169.10752358180343,130.22854466812473,164.29067761840224,127.19328701458869,61.91320635737516,137.38309236759434,178.27165609836,172.83085359005847,179.0553525615854,169.9886423871582
18,84.09354955789311,170.3682459464275,168.92799070105556,128.98004776930867,165.3289682399899,125.1411824886757,62.1918378035155,138.3736809812073,177.8008847862229,174.2609646293408,177.87133688749213,167.97730682536496
19,74.53648543548523,173.8666695384735,169.67027315635156,126.42867045339686,170.47612679993716,122.25665319339097,62.85733407634296,141.0176335738176,177.18951309785592,178.0169426830035,172.88893708819722,159.45121397720922
20,73.82920311226424,174.3518554559418,171.65303280437743,125.74188644270802,170.95325754805967,118.56609827409906,64.19770488550192,142.43003413130845,175.90494741844995,178.92522392041909,171.74791015952934,160.3078051043793
21,71.82554504490733,169.25285471630195,172.55264813338974,123.26173982817964,170.0929071718932,126.51693224197197,64.16046558028982,144.06424805972014,177.8561083657924,178.33517158000214,165.58317781296532,168.18397820366062
22,73.26741579525842,166.75469934803604,178.02114112304415,126.0174594316655,172.9507310753339,134.58598399088214,64.91374822244185,142.67235008977266,177.69859557022878,177.05423413269128,162.3146712543482,165.74387875130003
23,74.55376978961282,166.5597029604268,176.50835242064488,125.23926974918426,173.11673817539682,141.11566874508895,66.40746660549553,141.17303612203062,177.45091681363587,174.58870563107277,154.8998897373414,179.8676702195887
24,73.05735888817114,166.20889457527812,179.35532268581872,124.13849418356168,172.39243126795347,153.3398076008177,67.57028374086555,139.6371519198266,174.16821477120143,172.9936629706444,156.40443167752204,173.4987711756584
25,75.13122040561349,171.70393504200754,167.08396053154104,124.07211909406371,173.78650260910797,158.6633538291721,62.957102136873786,141.71189861009313,173.70157663306256,169.39961190829092,155.84191672986287,171.55163261258616
26,73.9653224883407,172.47011321227544,167.30811838671556,122.52368058870425,171.92847150006182,157.17168760935007,63.6097341788729,140.5306112592976,176.51354537807632,168.58505157976782,156.32557906712418,168.56247591580225
27,73.68540145997842,171.89525535192976,169.6001243171606,118.85788881126355,168.75192371811352,156.95200095762826,61.52388745543939,142.89410672234447,174.397228640457,167.40818125042745,155.81122577631967,171.6673451093287
28,74.77350291062474,173.6165302459289,165.53119283610118,120.56943495892924,172.1663734580861,159.14922507771772,61.967094648460034,141.56829653277762,173.54191544441895,166.23714577858414,157.29136580330677,178.09753543177354
29,73.60495205947505,168.38841444308738,179.03758535406575,117.75344706480291,173.4281403729539,153.95527353746684,59.370268351132886,143.68720808454933,177.5272929389639,164.93018423436536,159.0446753330436,177.77025714708586
30,74.31375454510872,173.63926232713555,172.32639531722634,115.89759947078527,171.9944390936746,153.99673500657826,60.89740105462556,142.32163077250672,178.08751543802862,165.65947309655346,161.44857185764351,173.3825450610462
31,75.33681811004544,168.4119559149815,174.78772238703488,110.22165713655737,164.26753487479408,141.08850390961493,51.760840898367576,152.08473054631267,175.7580006931051,167.6007899315782,161.75943401358862,177.66025424432107
32,76.60520411038559,172.6125311733973,174.2246888896105,107.91984893173449,160.11727860570767,137.95745038083473,49.80011062836014,153.9549769165315,179.69355064124758,169.94978187470153,159.59989657769216,177.53337310230089
33,68.82344278618702,172.1613519328527,167.28942231547208,100.2466468154922,149.18323430441578,139.02951952833803,40.89544225617031,158.6420571578883,178.33796361416842,170.40768324439372,162.2308173519864,179.5768176802638
34,73.73066535458155,173.06149446286162,172.0768018942083,96.41333566589786,145.11872152549714,131.72782340184384,37.666409747322334,163.30803108794873,173.26644580309755,170.79828504133167,165.70242745142974,171.18159023375878
35,63.049069077444024,176.04718988399566,166.26627224196056,90.17638694950898,129.89881923514812,143.37581278284878,29.147811577140217,167.80011687830208,172.569334351002,173.00025403959359,164.88069842799717,170.91553997529803
36,69.60868785089505,172.00328993455614,168.10768266452314,88.2078712745917,129.88270076412252,135.48134217080414,30.785422661856618,166.43579338105832,175.90841515627818,175.0363572415225,163.83652259751264,174.44284744027243
37,63.90194766287952,179.80167809981683,168.2063891321121,84.37979475467581,124.08385720769436,144.53471446147068,16.492275941050366,179.80772656956077,170.81615876553295,179.73195107746753,160.69342351506526,166.82592404540432
38,72.95995461773444,174.6568734539189,171.3416014437851,80.210359076565,124.8425006269112,137.34452256251114,21.100824865410484,172.42742141679395,169.27077212107474,179.09742263417834,161.52163729505438,177.4210977353765
39,48.54390539841853,175.84990549204056,151.73237596928755,82.46467917764481,120.87732928584617,142.80035183385624,8.327238224700913,174.87367332838167,165.09780265944065,169.8641275702866,153.1478901217136,164.41778664010766
40,52.10558706108899,173.6417931221967,150.35336446550662,77.40167817125504,121.31059400167547,141.36556452817106,11.275407492366046,179.10701430089725,163.00181089249662,166.5504804373239,152.63896364040986,165.21467752126583
41,41.96023235510634,176.11808052706994,178.50863985916493,82.65304006829244,130.2570402189107,139.22767736424822,9.470736216594032,177.2713885142787,175.30543766137654,163.05451527818838,153.71394388194423,167.46247066831518
42,48.702788081795205,172.6669161598491,166.78620426719303,81.33641293610232,129.603305473153,139.380531555578,7.070948454623993,179.3672666460124,177.6782680104486,163.37733535597698,156.62186171273623,161.27413509907683
43,41.185988281777114,177.6319324274071,174.0508694797378,79.22047941025072,129.8459603293236,142.67318705963729,2.904423245293584,176.0275551892892,162.99433361111437,160.13642400078385,160.87148843955416,162.7005822021728
44,39.52270185800158,177.31411415879967,168.31085047682387,81.13258249021095,133.2018389366033,138.51729796335073,0.6435413936473592,160.0077757438512,173.58483642761246,157.07325758915084,157.498732879175,162.6391098219037
45,49.773821169612006,173.5686903304738,153.05825857131325,78.84422125208108,131.18855594792345,144.04651146140063,1.11484839514759,168.50808382165258,179.95450049600632,155.07068273589383,158.95444997598625,162.8537510000147
46,52.57836845285048,164.19650183873807,159.83851044775915,74.56422766481256,126.94057771973459,145.78266665731294,6.247679560300491,171.2881225915889,170.2211767662631,152.6517785359543,159.24948764201625,164.26720728029835
47,54.833525446137934,173.9262505732585,161.00169509227277,75.04778639209093,123.96643356769763,151.70155698824792,13.059155642445825,165.59558900067705,178.2736093687276,154.95727185787075,163.9097970095621,164.80558055468805
48,63.32659251844869,165.408303377697,168.73313957641264,71.37382450710983,121.56433163611783,149.1599911457601,17.785429831946445,165.9645058101352,178.49204587124868,155.23544983900263,164.62175930997284,163.5527434780488
49,51.44418258122295,170.43668481534456,158.4912974388328,78.8720363429564,124.15180108612103,150.7326857537149,15.833130268732113,170.9134575992301,179.6036537618864,166.9424590615111,114.7171827076629,79.01662032333552
50,68.1473595122369,162.47864446908977,160.29926070735493,69.61961448242701,120.07817844803392,145.8889543179698,27.018999171297917,172.4119154161762,175.3027627594864,173.5107105705791,83.63765672900671,170.26893129612105
51,85.21103630044134,170.3159397619973,145.7918690648434,89.18415020295467,141.28464625061918,147.0161678108202,67.84443684682253,177.62360173598546,169.86547110159594,178.53556476677716,117.04516207625612,78.85217824670347
52,64.69653993448175,179.42955540560175,151.32541318538824,89.78151761394226,142.34895129350357,150.930707302873,28.48313975605907,178.74051966079463,169.2809129702756,177.68233691167416,118.99275406731537,86.40388822267856
53,177.24499889961453,116.52086927075794,70.72001764657358,173.26900326083364,147.31037745789402,142.3083555842714,57.43982043211719,157.9089071582162,170.8768715813483,41.49466922681205,174.24823334692928,61.23711259001682
54,32.43291793189028,170.42999346491763,167.31893986419703,176.83021678409997,156.7905164143291,139.06439740200423,145.78955242056045,174.24701503230693,128.38666840941838,57.54629202363958,156.96349929409885,144.04831050157398
55,137.64576406979407,146.72481508457338,179.05021817655472,168.59183318310593,154.50914918852618,124.38169855779611,162.40940766351318,161.47284933782905,162.5552985233146,60.736413023417356,170.61172578244904,140.51538447213647
56,71.76115088367533,171.28714646649541,105.85727596322751,114.45237138570558,161.4132360961605,137.49859202704084,28.057348662684586,148.8726269509227,158.92450367438062,157.01701724567954,161.027247270543,76.90464726576535
57,55.7437645917708,165.1957868208816,121.39208546757334,175.2391099163932,123.95075574146611,127.02718233704641,38.50153418273111,160.12940969158615,150.53756588334207,175.79392355265057,108.3775752390401,131.73033225280622
58,5.643299144181264,165.45949814940715,150.26447981890894,143.41697315860057,151.4309840138114,157.32349151820793,19.583926022700236,159.367676344707,146.91342938284035,142.87272878738898,124.21250605273713,100.38887550601584
59,62.029269069048816,134.73528614250122,126.10772773986295,141.84260717550222,148.4513238512481,120.12532876403168,37.396155024536505,160.11173066042537,145.58631436300044,137.52605386705847,151.68646798829693,169.654061115238
60,87.26345922593384,125.27203558067913,127.42637288481994,128.1690142625922,135.06696401516155,123.60953827686828,32.45364040315464,160.40068242843697,143.64203382824286,131.25573977962975,163.95539567062536,177.219625516069
61,123.37798990831436,105.62810781836495,133.04548097351628,133.0065460414147,136.07794613046303,102.2888917553481,5.813660617845865,164.91060987550463,134.93956813664016,122.54980329956858,165.75754554282102,151.2070484803981
62,104.37614467245534,110.75220687077984,131.2982018003653,130.36894318902966,133.54197342665665,155.7016821207078,25.128195358152517,161.24847343297117,140.5133079961229,123.47317641847826,169.41535755316718,169.6072569041391
63,117.25001892829039,103.93224785729568,131.64811356755484,138.31335753054807,128.893441320484,172.786718221163,18.52349592820665,161.8647315225527,135.52999489229217,106.66253260168529,174.3578051302024,177.96055061380437
64,111.85384030763272,105.78151394554594,133.87104456875196,134.42954923440723,117.40799698055116,142.32859317688974,34.28123789369116,166.87576744207377,128.18773571533316,107.8456181000258,172.8881025730967,177.12696516533475
65,113.07012614746031,101.43569940589111,139.51616446955865,138.27947020049004,97.8891145473608,129.45720407232244,43.350318057643406,176.34772145167915,120.43144335812792,98.46087055781165,173.04998711813639,175.14268171409583
66,111.5691869738021,107.44234815948393,135.97307953329712,135.14343178127754,91.36885603250339,135.67178744137547,41.748161343807546,177.2958432511753,132.29135757085797,101.85140011527812,174.57621322409267,129.053785887416
67,110.8242237852027,114.73912966529049,129.8465642534371,138.47612068296704,85.25829548907308,137.02458245170214,37.6506222434169,176.90253941802786,135.15660059027414,94.93923816564076,171.40097508995206,175.3369287324066
68,105.55595347379601,122.03991798007588,126.50999247718067,140.02424959576774,87.54136083732816,137.33164345770726,21.83552048974947,163.64833717041714,137.5543128518303,96.66765619946183,172.45133878248137,176.0737716878131
69,107.03468450388102,132.83728992666607,121.6535107134304,145.12714626312157,95.6314702667035,128.16745491525077,21.0443582921316,160.60444075830483,138.43670368115662,90.99296197327234,173.6544298976133,165.1835779993725
70,99.49754161420302,145.99920878144275,115.85760930086221,143.97689912255726,98.16870689063504,124.79200320499785,31.026371645034814,157.88159541985576,145.99916939195722,93.7550567428272,174.21065074579087,169.16390469909862
71,105.69253774517803,160.40301794539778,100.41303763065139,124.31271023603747,148.8173365294592,157.8747286555726,25.04837302587466,145.42772208405205,160.84526299947706,116.97246290498306,110.28218329809803,66.68847513461729
72,51.39899956646552,171.55089133461635,144.17775790046,102.85329724309676,178.6242623393792,172.57062925777177,105.7193677146683,164.84028340417441,91.96544333205671,171.13978740208904,131.82071224893028,123.89496816239702
73,55.739521120413144,165.496120812182,165.42997604783926,96.3532456486443,176.49676059513737,174.0788974755363,96.24613693335492,170.72949100002077,96.39828664378967,168.5174009535098,159.67435711865554,145.97073869133996
74,59.88485323077734,170.12374253672732,168.86768933883707,92.28729492864747,175.68806208298193,150.58553079834488,93.7608638316278,173.75782273613993,106.29332655574613,168.5500975466325,164.01235928368473,151.53996842012765
75,68.37254704479928,164.80142669690983,116.3022929711025,106.2726683364464,176.7402537753439,178.16565178689726,91.77013513110485,166.25796955347022,109.93622947874593,108.3880479892969,163.96065671282767,162.11181897853163
76,37.72733068305113,155.0117307864796,101.67278703552472,128.74826303135484,177.34818393105328,176.433905848253,62.67300488163936,162.33836065862408,104.3515442813358,103.30505829782963,167.60850809706838,160.087793573069
77,37.90159448093543,132.65529193508974,121.40879391994696,76.12564751819943,99.96146641574526,166.18170938052012,38.04946898806044,137.21645441860306,169.3542335549307,81.39633270861036,130.20899668301925,149.64288874832212
78,68.93804750776019,114.97023507951403,123.3443425615923,71.69279535570496,98.97056401920658,162.14567141600384,74.44686560685378,165.61931745706005,108.291473066776,78.49142901227498,165.7790566245845,156.27333150115416
79,120.32362993858757,153.17112903623604,141.06297366961954,65.99139313728192,100.50135059067196,170.88851890296618,85.7509988922666,155.61924983471528,136.7253089953353,65.25006830858008,146.01098067968636,138.48449512929272
80,107.29129950488046,150.12338727316208,144.83930479838756,57.343715548718535,85.77350803019152,178.20544435704292,71.30913147444325,159.92230233729717,137.04860551547893,69.81684365463424,126.74153825579202,147.54853155280796
81,110.95027402738405,134.87154490955265,158.797268916381,77.48891114375364,135.90407430569522,156.02146621016993,71.16636213889137,156.0591896141976,141.6865070976406,63.82056847980958,160.99170072005097,139.8152364850723
82,117.05753697724278,167.28003283133543,174.49685136455247,17.068854490721293,87.16338581020483,87.02475215858837,0.4093616532160535,175.26687938080028,169.97398667696854,3.497354636808604,140.12509642634913,109.01322343500944
83,76.87127367275141,169.60295897100974,172.1313797099075,60.189826401707386,137.24353012683048,170.49320843366792,103.34558737071461,174.14404589727803,170.6454718556196,157.85619928682797,95.08941776330016,121.89143179728548
84,146.66578150208275,169.46535174082297,176.59043646403958,40.80050023077926,159.5288692049754,78.42970735380362,71.2121802868739,175.55549040388095,179.3856410556039,152.01705401341977,123.16897500116033,123.43527457401713
85,4.671915850754705,166.7311149188512,170.33318293209265,46.904364272418235,174.11853919191108,57.41543068488656,151.08152330225923,173.30808400221693,160.21643769232588,124.61777495059603,105.69859763110168,170.13955185413226
86,7.626752738757998,173.82937512873946,168.65376247004403,45.727736277641405,150.91331656057946,92.16488551887386,106.1351708329339,158.59823835277797,50.755650877168556,99.4768970174552,127.65218728639711,178.29819472505048
87,161.9315437220911,157.01381652780668,146.14182272680807,56.43456694249981,159.60028711406858,116.45827128531957,147.1694712768129,103.08243736583681,117.76806308475253,15.536843709824753,93.5418775916101,166.3554101302774
88,166.9914511581848,163.88275132045123,170.08316512798518,79.2969056302268,143.39877385048197,66.66123417271558,170.4187088481613,178.64127416373427,139.91690373773727,21.576873345483683,127.0612877289114,155.96960065067316
89,175.94079905102922,177.0673408389874,172.68554215507092,34.995285495828405,148.39971016226886,179.390858445674,153.1035948668602,136.1710593210462,150.58517954792114,141.89888682056926,107.1694066236422,161.42188609421095
90,143.75842954633436,177.12142633987924,116.89489306640348,35.25510457313941,139.42930199211577,121.0463752268733,136.86081715791704,127.73371560409838,172.6041452337979,40.846196617335885,140.84085668250432,176.02586976760466
91,73.81281585590006,152.2434326147564,176.05131509319696,99.67602895295599,114.13094505184843,169.18179372947873,107.84050115510306,151.9788450331362,142.27739098041624,83.68142561048786,176.25999899926987,177.36057508196774
92,144.6362508818084,162.30328280545325,178.35536213837594,118.23867027306972,93.35736399973888,154.115081855547,166.40627092348635,126.19734377018713,55.700297022245365,141.87765395900118,96.7540631042293,160.20408526085308
93,153.033177080158,149.2791453265485,160.15331949953213,116.77325229670348,93.3667297134865,154.4449856387185,148.92466566349907,93.21217384167376,144.35347205568078,131.74752541992896,96.81219675507562,162.00802654775015
94,168.38159167808536,82.3412887549838,135.30640066043327,132.06632248794003,98.48207283126207,154.17458000257,135.98334291017676,24.340567839766436,154.5959550106933,152.85178410580147,125.85522471926828,146.6205437777118
95,146.85287246443522,70.63058184221883,114.29343478904435,140.90333446992867,100.4074342623346,152.66552864394603,152.3200256834127,89.48110233741694,105.65302840479899,153.85877532958798,108.62457525069414,163.22526330220612
96,157.6381346848309,125.35945055881993,118.54338880389504,165.47457342264113,113.0736646037413,134.27089880803922,168.54275586488095,157.10072071972542,129.64028642905407,157.11526572453158,105.63128917185095,152.2189810396939
97,167.77836107072804,163.9996221305413,48.789012962873485,167.01387000249903,112.54681797848362,129.4934976390463,163.92888686158426,175.8356139463039,134.6249399059289,169.51663205217943,110.46213238714117,149.4861554424328
98,1.518445170763711,29.4759046334632,137.51715367045534,159.8340692433354,111.41870770142212,162.77933747645918,141.43533883855167,164.6039835939582,149.03160917025846,155.35706966388415,117.19325898784781,157.5385790807408
99,38.79619373466028,5.037406051873081,165.87453679592247,160.37321264683624,104.70936901111821,163.2708377530653,138.0980268612828,162.51665792258606,126.09289801195844,153.18192739556287,102.50752837744025,175.09714413424254
100,97.65324500505498,31.947554149072975,138.50477225547635,147.46436366201527,83.34134585185033,144.11792196188009,153.20532632007277,170.62464959412546,112.40835952024575,132.33714190152088,61.80273645637542,171.0825730672145
101,95.7875492722462,155.5325498407688,119.17905509675661,153.55655943467497,79.34644011650822,140.03858179629663,170.80906093211507,138.94012397792042,91.37407784092173,150.91106907374044,91.75936371595499,132.964281976372
102,110.5996725147719,175.43810827308644,134.83401955255462,145.76761461429646,79.48145442773092,138.4312602043724,179.2683984605734,83.2035840233997,119.26366856118523,152.53790169854284,93.50928970661596,141.6306133231789
103,94.24865564579854,168.98874329472315,112.42820133452486,145.52620011956094,74.17986794023815,139.6403618290129,174.6036810275027,179.69027327538535,106.77164237575474,151.5781439245215,97.05441028313646,131.93014819108998
104,140.4259082761336,160.11741731296445,143.31644774283697,139.55892206759725,83.68546740891921,120.49533235813315,163.18791016931704,161.7344554816089,105.53567718641199,142.41278113768666,84.2297452359491,127.378784161226
105,137.3536279133615,158.00899075298327,148.91888051362878,142.23861589753213,81.7738797839762,130.07008654375343,167.70441859291597,172.5434702779035,89.71717841073607,145.6558083511733,104.42429198713332,127.2639217036021
106,133.0578922026457,165.34186105632634,159.08850443667168,132.17371247702687,105.88813666208293,127.93243151385848,145.23747291342752,151.83879633062898,149.76931109321234,129.2199552897908,120.60591596465211,117.07726311237941
107,125.92595981205424,164.7119028410517,160.39352497024586,132.71213901540776,105.52310628450705,130.2176217991325,143.86689078209827,148.12364402655223,158.6914929540363,135.1389384865537,122.80118695206824,119.20317755055903
108,124.02465852036029,165.87845118810102,172.7407129183232,122.39503229348787,118.67498222790972,138.3541981970131,141.8796810588524,163.19813055853592,141.48890844985678,119.74051488013792,123.9026300843065,134.22142600944875
109,116.15813976157924,165.658864921756,170.67506306329147,120.72862476894323,118.49811041704886,146.08200713900723,139.92893783783217,155.70370311366034,149.03635270739187,122.4584192644703,131.8711993806146,131.7922048041586
110,126.28346476545758,150.91288834897009,179.69976092213977,94.57137425943864,103.97276590777939,161.1272440152567,139.92947101159461,158.64850121993695,152.25744853599784,107.10578960069546,125.7998944669475,151.4990160160893
111,124.83347495856134,150.09274199478116,176.77349683694055,92.0313168867942,100.73550014558828,163.69635661979018,134.57389115504404,155.8831922478512,168.6495541144391,105.72098726218123,118.38305778119657,160.16592546824816
112,142.38951794784157,160.63608178743962,171.34890818190104,71.81118115658187,94.06705332576382,155.29675036636633,125.03607761150101,168.88142087977232,163.44740071033922,91.50171314299484,112.40983144847152,160.05228341651633
113,142.8040672565157,159.84671097630215,169.81639876556537,68.25102677642302,88.7436120957131,167.7365980923716,125.47746914076659,170.93020596927894,135.6062541293156,71.94931655556476,88.65830666445595,158.4049050746721
114,146.708518966402,144.56895990674874,161.03009902954156,42.860416012970326,63.97736855488603,156.1528750573988,138.64011389824432,156.1557145658833,164.61455634248486,52.839467852158435,71.5140673471156,164.23650632072753
115,141.31350081429017,148.01772100331402,155.1236507842564,37.420023262864625,57.943407132974926,154.84809703192798,128.58256207101877,164.85087593102156,171.56641325161075,50.97733225613292,64.55753818845079,164.47818207353492
116,151.85413050440462,132.80586052528585,176.54326940140848,29.208410775157994,57.085036281822966,165.88426790740905,143.34216162679598,163.0320189345274,72.14349535563963,32.280825833747784,71.52534250194685,141.2576048731793
117,139.38968785644002,136.50912741729513,170.13473240067827,29.468859370684445,55.27776797593299,167.11940694844066,149.3911977428245,152.11950751007328,131.91370031604748,27.44886998998546,62.32031040389336,157.11461785413258
118,154.89022325764387,117.04071857499775,158.97521986760802,158.0823903639897,168.1941951368407,115.65350523564504,111.12117214433262,157.77934764058335,138.1631186864468,118.02235910342773,179.06697534263623,143.59650608896405
119,155.31220814155077,153.94713547989667,169.5013762286965,146.1075139332695,158.19785223037664,111.86805622511795,160.33431266503388,109.32256026331191,178.49692772985793,111.83271779024616,159.4212960340815,176.9186111047483
120,153.60395747118778,160.36337898407496,156.1125338920468,135.15319075321338,175.08038051114752,107.67313280302328,140.17163760026634,114.71801052826838,178.80125506624802,102.41201272948018,148.78651254853986,143.92707443591286
121,162.32122796555916,175.48109703383884,166.74208964993588,122.15109973345497,173.76588272496954,87.58115436504116,164.86268700054788,147.08051159712562,165.3351004179182,118.95539926618136,164.10977442399786,166.95351336169648
122,159.0491245287258,178.1959256213727,130.9618608940418,128.61378656390005,157.62083531420282,134.4663493476168,166.29852075610415,161.82339749353537,143.66037349590337,119.74649752600354,163.69988197454722,172.38382714299416
123,142.52887211668047,104.94216234799552,170.01098995670455,31.181398365020243,38.829653087923305,157.92015140936638,171.27764434337826,133.64476023172745,135.94654793301493,20.933900425856336,42.88983206147014,114.10611511720981
124,166.59518576222615,70.33901783097454,141.92880335885204,76.4596990508511,147.63194474324084,155.76325705673318,88.1006469720043,127.99617627414534,52.1442578796991,84.89561758520159,161.18532226112853,140.42120109920845
125,167.19382820688517,66.28135868951807,170.6666711422966,74.60760620752774,144.84989036140294,156.09524866219434,68.30896564390788,131.71159550746017,74.93477542097018,91.6261514914627,164.25660109199134,140.72716255321922
126,172.61464746586364,55.15502711264327,152.9588887804448,59.30564112635292,113.67000072874079,168.01685297159545,91.02309801787848,98.61520619815406,93.28338122367974,79.97025296185328,136.3249573922444,151.06473320645176
127,169.29811041676317,45.20077345476494,155.7090231016735,55.566446752218155,102.73209224142062,173.34829287315816,135.12140642884904,82.86708741166291,164.03335945628578,63.277903695105046,117.3603860970706,148.01019336218363
128,65.54897935733158,134.05551387931285,112.61344988601911,26.255693919047953,89.55215398257626,128.28804784529632,36.08192417794712,171.3803496945508,164.03245236420761,39.756056487273156,80.70359519842835,155.07571781359846
129,76.83959807936685,125.7714430165108,159.33451098157545,23.68678684052469,69.49413880983367,143.85746876847247,65.79525630586305,148.78679801138443,126.07353100722582,32.81584274176032,77.97117894689966,143.2436774437617
130,39.20153950143572,119.0756998696759,117.38426231469579,15.750288595951872,62.389328548156726,125.15792247211067,44.472318610034044,140.27085433807852,149.94623351644404,22.81093381921272,62.856812367653646,134.6773875279282
131,37.31507600070478,130.2161980582156,121.05135275659833,15.196390463212083,61.57721530473914,68.19363519947956,70.50589459721012,123.72750994870776,152.57077745295575,22.110319484684,63.867647760025605,139.094267559102
132,91.32489412072539,159.12446149226795,139.4586459845965,9.84780340746988,59.711069147053095,134.57011521731937,126.04928206344312,170.1420251812766,154.81846228095773,25.89514111440809,79.00569565740811,133.59248829657417
133,68.88954306805601,136.15438131698397,160.31609158868298,13.241130512007771,80.17213490163262,140.55904626230645,113.37652371339809,170.79335212439977,169.85461969333647,27.870746829669315,92.51702008163548,110.61093519362322
134,86.37260466155209,119.6033655686148,157.15602538260822,15.194629362605667,63.37424637786047,151.71920416419798,79.29310988866011,158.57053828967432,77.5586469068291,26.95420092580065,89.55683866324901,126.37830276362804
135,94.20702968301106,115.871248610399,153.89170178728318,16.065362799464424,61.3687915601981,152.96663771499945,107.42488272963514,177.62808071472497,102.28829908124413,27.32391635665715,91.58542583995958,132.21388395949072
136,89.58626589715149,114.61104149066031,155.80771037736315,16.87052880640141,67.25361681266197,150.50422621060812,106.23946278552289,148.715652149856,114.32518729498403,26.044939551542313,99.8648140769466,134.81646358289694
137,89.89654565193302,118.27503097536896,141.12897271483672,18.016278520612445,71.0535956075728,153.07406625506607,103.70892299710074,142.58650198631994,121.29046216684395,27.763544170724686,113.22346858906764,124.8131944204723
138,104.03697596011719,110.41617865887574,141.33074343203478,17.873919762281844,77.47778642534034,151.41600758733503,114.58482162621682,161.65041531285377,97.97906954257928,24.27313096093053,112.35813043424946,112.11940165641393
139,103.13386770669086,107.91503530087613,140.84624316643033,17.653793488117174,78.42354606583199,152.91023027227584,119.46261868483509,169.93481342259113,89.8538244991363,22.845930710416326,112.3707638386006,93.12023435780509
140,115.5974719852288,94.08783110814306,157.15991457555634,20.840009862910676,95.47603244790142,140.38638753806583,118.08620432138702,142.05362792165423,129.2423523125671,27.03970927356994,126.82108395057983,100.76989566181233
141,123.67556860370402,87.26313575444738,149.8954226683063,20.833223445999067,102.93361951002383,137.3414073279031,113.70011382646811,141.59477097556345,111.73691139933959,26.82299111765053,127.52958959838547,111.70520298025518
142,113.28428919506354,158.76328074333043,117.87274960808503,19.273109803759098,94.47395949418812,141.0245632986197,115.6891650459252,116.58710795201515,130.954941095044,28.425397359286023,124.77429161466667,138.3502686102297
143,131.22145010318894,109.30862410240707,140.35245358651605,23.446234112100115,102.26435274489982,163.09368360199042,108.76420540912133,100.60805488105927,149.34556391976372,24.381893399677494,103.95733205693223,139.44946652204302
144,139.8739859095759,97.28584148271761,173.50178383717846,27.043598934424097,100.42499960431289,147.25514217724324,82.59743832633563,158.51347174249756,142.7567062091032,23.598253620000207,67.84112198195592,153.67954414957202
145,138.32428818158473,90.3453937030755,175.30071467968256,29.58881729851504,99.55783277624118,150.84077608547005,75.13691930132757,177.22487940794485,126.91110736331015,21.159170181537206,40.40786043983573,171.85556135206923
146,164.51849061117335,86.40707056283213,168.0712795965686,38.70954091040949,98.40466448265077,138.8057007766616,77.09505770812109,175.53044510534858,165.45375389118607,15.982489174946352,41.318887055966144,144.79098384686796
147,166.84862584117428,90.2529098822078,151.8328906612755,38.368235840015814,95.72526747057937,139.7851516518116,69.61307046025837,170.21982638557822,170.25528802770208,12.867611876507567,76.41698656830211,97.90132062289265
148,160.8048838439627,93.1896718014371,142.40658969216457,43.964294545993425,89.59122490146339,139.40170283677514,74.73135671171661,178.38027483310688,165.11160919072356,29.62795836558115,60.49231192637839,148.41557602841849
149,160.98530383944555,88.40997630283391,139.27476594518058,43.8587030970632,91.55312661420854,134.19684028766963,115.61031666823393,136.82860396644438,146.36437534062017,28.600418923787515,61.05792557269753,150.32504874322223
150,170.31641417760707,70.98290456436206,154.17259295604455,49.69626165807557,95.74554062859639,127.38981146495051,156.34339724925894,109.62132786074079,137.93369812179682,35.716549486269855,96.87929394521714,130.75799415044793
151,163.18024245565616,77.96908116018687,152.49625885741915,54.010784041356885,99.54641424273245,125.95344158646182,153.53005690858507,130.70264957836696,137.39889374983494,36.104885453463055,105.89837701898543,118.14933967684205
152,159.61707715226999,73.95158139886468,152.93823826006636,59.84803331354277,83.57509445551646,135.16827388438443,168.11545498779938,135.83968344924787,112.74163809830682,39.6350680056392,107.01584302018223,122.52464763037472
153,175.57844576877395,68.38638701981142,158.13469645154473,59.13222041544816,80.0965890310929,142.13662324770294,177.6625414135913,128.1158983015301,171.37455541721314,43.531724721960416,109.84458550235291,116.65556399892296
154,177.8914993903092,63.50524097089448,157.75883493162561,67.84569448144737,68.9742130762147,158.85614188932857,163.5880981021527,118.44366145372868,133.24514525719832,51.785742921570375,117.9636005910204,131.51868262045903
155,175.10367706877224,66.40933634983469,160.53566121929845,70.9190721758464,70.60978002867701,159.91093245119467,159.45624824777502,112.41074655912439,132.89157679851425,65.27910230233357,131.35532077688828,116.96761236129994
156,179.80555139815743,60.97875364175553,165.7542593266674,82.91924977872685,137.71985675435968,86.53248399701627,175.18484526248903,84.34378403663112,161.53987834288128,69.21052853977778,117.10143594815506,172.40462317913256
157,177.12438400586433,64.44604254418829,166.68330797467797,87.5333293318086,150.14538244626382,77.5417254502295,167.09106756434682,92.78586983072296,161.64947073777813,83.35813371480498,125.00502031967562,150.7964392585433
158,177.088572139502,65.51317559137931,175.24319509484027,107.7210549396251,128.6856097210431,111.07631204107595,179.49647119021813,83.95719169200623,175.35499695419378,98.43068433469318,144.52562944116121,133.12535430811263
159,165.8386917403391,70.53954927448831,171.81793069727502,112.89828985864395,99.81045889972705,161.97930261071085,157.8091146068672,91.77846492556745,179.13130531289283,104.66487941691861,149.25187494133732,129.50536515353764
160,158.98880156345587,79.31344249041877,157.67692250012055,119.52243648929402,101.91610072392054,159.52342303752908,156.12273929578805,81.8538218114233,140.0604790403242,112.07224391759362,143.27516125987907,141.56534329738307
161,153.54463509267154,82.36087037178777,166.68184824964544,121.49939630359427,115.61093868704604,134.10023533677992,155.55886767962954,90.94467092371508,160.03541394145572,113.88343924890594,147.3936331898894,118.3776388400253
162,134.93312532426938,91.7181253204269,161.80264759783412,118.96582698653702,161.10546195333615,139.2435487278304,122.86225312276704,106.50746859076062,147.61943877651916,124.04483743448094,111.93959683279228,159.47239518301018
163,135.58991188595436,92.20097213442313,153.06358905791708,118.2145024256777,166.26617841111565,126.67497652825837,121.37133643514011,100.36013463974126,149.23236033594117,123.0345897800513,106.59802137437387,159.4497522165858
164,136.78494090377782,91.87102316348734,179.01383844791278,118.34082975735748,154.1349258751229,114.58134364831842,137.3384639509445,104.91160030688175,166.14984893625348,127.96501796151028,117.88321442551981,156.51003763456882
165,150.87607013876365,84.39346561848828,179.08871633519158,118.64292033809224,149.834202087129,121.94744933155202,110.32353036530841,110.19895590076581,170.62454111959718,130.63963697559382,118.58862524336172,150.03818901042615
166,136.71267826149776,92.51020648722795,174.99372266308896,126.62454622481968,123.66148917178663,139.16301719670366,137.57744506245646,111.23721636750301,170.37370903740577,133.11375923867172,132.44740072064812,143.99487448834793
167,124.85019712369123,106.00511762185928,179.694237968095,129.89658813206034,127.40631449009622,135.02456328467068,133.58359100202256,113.3029136513787,171.81500283443813,137.8727519400874,138.52771377595695,137.92612308305323
168,120.86416644756272,101.83111709970915,170.10454746954903,129.40726341262774,134.65410043214905,139.97294078026073,145.53955997176985,127.56749916601942,96.49840846313474,140.9284450379694,137.4502000873933,128.89870652512363
169,112.88057734057836,116.09097537691426,177.804714593443,128.26404392721582,134.18520327752114,142.0460838963374,145.36630998231075,129.4068604009917,144.1635622451256,134.5959666615161,133.55999461931194,133.91163349549234
170,141.14052969542038,80.8175186355961,176.8564121938072,128.88002636345323,144.31093516844484,128.54389871600904,149.80499718820823,122.63069222121268,162.41969082518554,139.13849375902362,131.7201189392075,129.7450519791544
171,142.2822690503813,78.07443066222103,176.6209705772807,133.639822487583,151.53824348386607,119.22184004617459,155.2698492758702,125.61200487664237,164.11031802421684,138.94810310020168,126.71181164876417,132.31971944778158
172,144.9989241087366,70.20015565005757,179.358262045151,131.3204974897548,150.17142519647263,138.8127798725016,155.00237942627305,121.41769959056307,163.96043732404087,136.71200446790715,110.84640783851731,150.5598108210908
173,149.4940860819117,67.18915331557508,171.65579758510088,133.44340695690593,151.9263774228759,147.64810561095504,155.613958461607,119.0081384187105,165.0686470478861,138.64492172256027,111.57348793768854,150.33913840004726
174,152.17626565412473,67.39758503592337,169.38189948024703,135.53169946460898,153.98056399670057,156.5380396969672,149.673378090096,119.94251043223076,167.23222378361928,138.59496468407207,110.09785283009077,149.96648551713008
175,151.92009593986236,63.12795005622038,173.56237549908047,140.12051398673157,162.5027137025411,150.5032957302859,157.1658684836476,117.99832425551145,166.85971524546062,147.07718414915774,108.12237745150252,158.9551279883584
176,157.203913630957,59.89878521882602,171.57976615057197,138.65092944531514,164.83308096070803,140.12356530347364,159.2899045743631,115.57621809848288,166.63505986903837,146.6199521876566,109.62501224911058,157.42876035869168
177,160.95029269873694,54.61497627470905,173.7720748101881,141.41964294805987,172.71067646714766,130.67679347335994,154.45523812917753,120.61883040595285,165.8234132986215,148.0980452160042,104.52238515762284,158.646014808291
178,162.61081171727594,55.06401775715856,171.1463604700765,139.7930733491716,173.57142280318718,126.14863124600949,159.23418489085762,119.3872475523143,168.12416985064357,148.9457045302744,107.15899006872527,157.10957586071905
179,164.14645386382273,52.496311946752876,172.75319048902017,140.32169693008495,174.61984033749823,125.25382480804006,160.59517983726434,119.99535374439463,165.64794654538872,157.6967521858363,112.52381515246763,161.14780717008347
180,161.89210942180017,55.51215680367308,168.61029254486382,138.66024809532493,174.61131833754985,124.28475329527517,159.06393789547133,118.07301619785284,173.74309539366794,158.5223368724726,115.1754487054235,162.8962200057762
181,172.36768000145685,53.635545888986265,165.55124830838224,130.95156556177233,174.6718911078045,127.77322884792815,157.30211986024997,116.27798131446272,167.63435103303124,162.7133136368068,125.68161470501904,160.72218303435017
182,171.78382418489463,55.59496484828071,162.76529418733625,130.34294966570354,174.42064587406873,130.22710384308206,156.84998556061734,117.23784558661114,165.69124999777614,161.46559240950202,126.40536596232174,154.90326805003963
183,176.15360425557253,53.301198568643734,172.01922789271524,129.39482194302752,178.780311515686,135.24069436370715,171.77573548809988,108.5232685858279,172.1623664964082,164.19271581175127,137.63087704101915,152.47573512695377
184,175.3923653641708,53.07785659176907,173.57732218343963,128.4247436734277,178.3633036702957,136.9944794028834,173.85843644180943,136.81128862499986,164.16214517293713,163.21267179727812,138.3121374581914,153.61143680905133
185,179.94480582469492,52.03824040083409,174.16109854562995,134.8981753119738,179.17166095790458,134.3754721883493,169.3825745439531,108.2774703678646,164.1856408047524,162.3638036407408,137.27453622094725,155.04888015704907
186,177.16216241094514,51.214238594184344,174.19007219095175,136.30723899912678,178.52877300225265,132.85004346696593,165.8698792630596,103.01801602648675,162.76009322764577,161.8565763391661,137.07597428158573,153.6990561103739
187,179.09177327296928,48.99786901689651,179.9244488504033,131.51504034335244,167.25380673341456,134.56014155649873,155.96844884742183,110.73679625645585,166.32600689521232,167.45250304030944,143.7004706888866,156.58084334740798
188,175.71416657645835,49.95265909113617,177.47198069952248,131.76712947746336,165.99140210055768,133.76913532689377,155.47058964064223,110.11033487584484,167.6177579988074,171.30926158558816,146.43536319021104,158.02573994486374
189,171.47100525064155,48.17816122965729,177.93283930825146,128.5229442605346,149.61728374095577,131.4912784056513,171.54355604659486,112.82364985198288,155.95915049319632,161.0919099423891,137.91103591329562,157.15428648585197
190,171.39318064948463,48.4611770306758,175.01888134667135,128.81135895730193,145.58345470224575,131.7209526593207,174.69162411335816,126.45638985099302,147.16996578251346,161.88675538234742,137.79945203095335,155.99434694559253
191,176.75165230841617,45.52581011992703,170.85592169695684,129.80607734898456,132.15169442926734,143.16734518214653,173.4151463395321,99.243048928924,152.23118541231014,166.31649637646507,148.28752125366515,156.35774275263455
192,176.20719877400325,45.634884744397596,172.58088419592212,130.67214954441692,129.68561160580947,144.2562578472112,176.49447928077936,96.91370449313877,155.6031652861766,168.23981954859065,151.29212542370428,150.11422288927906
193,177.97254070044355,43.98568856960742,170.5199209438007,131.62024208903048,108.84929274963626,121.86020195458141,178.25109534671634,95.90636742063265,169.65838100343458,162.06844086314482,150.8230660211743,170.6195599879955
194,177.92215037759806,42.059507758339635,173.22190145918574,134.67879695060785,104.63091527035355,128.31140311991743,177.60185840139303,96.94339262779403,166.45091358681972,164.4507836039687,152.20432620818877,162.2076971476704
195,178.473665896383,41.37283705946987,176.55855597799737,135.73966010264192,98.00341715577385,151.9808831120873,171.65636539746075,93.75975069471042,155.38191026493794,149.2150054957718,149.48431091672975,156.64156261750517
196,176.91466402358827,40.41412289032991,177.60287324570098,136.67144008507375,100.5679119522436,152.1563290710789,164.88411831182472,91.87327973277468,152.8402066812404,147.23382976610336,143.3215975548737,149.4307883869648
197,179.9995720333783,41.57043698503611,176.50848157569416,140.94128106070238,100.21405707568374,143.5301885469895,160.81716961918877,102.68553771777061,161.36259197261683,156.72488149272715,163.7873320720237,162.49879859237464
198,178.29619700064947,41.1047644478175,176.6030518143285,145.10932218670968,103.07174991591567,146.25950442925117,159.19989186176718,107.641294265216,157.0263605361621,156.65918020165006,157.62376555649342,155.79225848666275
199,177.44068674022284,44.655940681158484,174.58908719422396,149.9519637480238,89.94086027780399,145.9593402066497,157.91512269670318,120.41209017134608,157.5943325605973,166.78703978718607,174.9765084784096,136.9157055604259
200,179.76729129417734,43.52800176478934,176.00934770106034,150.98672460140946,87.26670647008233,158.81580480926903,161.91644242611738,120.90128244272623,131.1199714548373,168.36733570350086,170.00440021614182,126.5878158075195
201,179.74009383653564,44.87217675810558,174.47548290825168,157.18549849046906,87.3319850640008,155.0740993400011,157.1652288415128,135.6164720045228,127.3941478419332,167.67855945375277,173.61866228865247,132.8533321699537
202,178.78042210135897,43.235198764556685,174.81233670730447,158.14120233405347,87.02173551151864,148.6393274680529,157.5592075182999,121.83823206106777,53.769744793204254,170.51942475101097,171.34892739562525,126.3389331533055
203,179.50612867004048,44.51540361575593,176.3226272290931,166.6289655215619,94.36163799194111,164.1719698114948,165.35866989009966,160.61780197816603,154.69968777882534,166.5630848926788,178.44609365836135,132.85203154700613
204,176.9429579555273,42.50993180809587,175.26551506519075,169.49700126071804,97.25650265546314,162.8604362124544,163.73596303573146,179.89746323264654,84.85903540882876,162.56850647978254,172.36310366165267,133.57979669138646
205,177.62284323696102,42.54021087646106,178.50416484967155,177.46232908701418,110.21846810958748,168.7433443839993,169.20195741557498,126.90619611176146,155.93504896875942,161.29569073086006,169.14237825378808,132.15643952350405
206,178.23403107080037,42.385536367746965,177.85247880841163,173.29441100973324,115.63930502083669,170.38032290794627,177.63680144033924,119.0875633521315,148.2528551256283,159.95678035128117,167.50232612447974,131.0644444272108
207,177.44974415990924,45.73650964021692,178.5455839830303,154.89101341487984,134.68115157865677,170.6637242936938,174.46442905522431,116.34395031164713,149.870888844987,159.53954820505928,164.99351831557664,133.8822840361464
208,176.26654514566746,46.94752604919307,178.36502705484844,148.8451947412761,144.36371673800184,168.25072012846877,170.1247410021703,125.00761942092863,145.79650484181536,161.7064360095728,167.2157473230915,133.37206180189298
209,173.24735955423748,51.03052831611478,176.90684067458042,136.56064000132616,159.19820802402816,173.3916479503428,167.13807061483047,113.22747277597837,150.205317031503,162.1975435549242,172.74224587183093,132.52083638790566
210,172.8051271780348,50.22674876728058,177.32781141293427,132.81817206392319,161.85770405151288,164.20361128207125,167.24516634796132,123.69758733652247,138.34461922965818,165.10090456072123,172.1750104957557,129.8730712691657
211,174.37775386989085,49.17704184733759,179.17490888538742,130.09235273583556,166.43753389326685,167.6952661044612,172.6478610664297,113.61694523866082,144.98404158981126,163.0923665393198,176.02253267845413,132.84529682121956
212,170.80633437378737,50.246313255018606,175.74434607862685,129.5604540906511,168.25920014307871,157.20438721811675,171.52698619225734,112.62620169116114,147.18929656949177,159.18085861354731,174.43729833790997,133.89727130773161
213,170.40025227158108,50.01818734238496,174.57210262991075,128.4271624065868,173.16340064393071,145.66492059851112,164.6219218747261,106.20387950294042,162.7913226098099,156.94393710644565,179.2263271854267,135.58114274442883
214,166.61592054868945,52.11468172797772,172.1588849358512,125.18593591998739,174.66064277167206,144.4046867397623,165.7727751985303,111.77239026313394,152.2368060099469,155.39968327429582,175.33350572820459,128.6192859076595
215,167.96096045078795,47.275478735484256,168.63595442549413,129.22297487749316,175.63619445702435,150.96126250421207,160.16851546344873,99.48996793614711,158.95025526111695,144.76124965906948,177.16453942326572,123.8577571269981
216,166.01101778110635,48.27736320972497,168.16548992505733,128.22718202683967,177.04584017297088,146.44795369042046,163.7168761191485,97.69400855228285,158.67926133541565,144.18098952261195,178.59562451908417,121.3746993891812
217,164.536416706283,49.506353564761355,175.3331158316781,123.98732658686791,176.40741930884093,121.58406285993695,169.33119641105316,96.29642296267022,150.56782374010285,134.54591865234997,169.9136597445071,116.01034675601557
218,160.7880157643564,52.017174707499265,178.55031447839457,121.16811491179784,173.27482812088974,121.81743742907653,173.98732467417622,94.6061906266634,150.346226678516,134.70035221599832,169.2323151256108,119.70904253123801
219,163.29012021519333,52.322896215787104,175.81187800211146,126.8675732818554,171.57054033503388,118.81531636544514,173.33013184619364,98.19775419631623,147.96664245599138,130.67450307800456,175.5608151608268,107.97422084867691
220,160.6456475112508,53.38447370987773,171.94338045436982,124.67924327409509,170.13546304042808,118.67951892576403,174.1287966788069,99.81037278486266,144.12143739861125,131.41343250815223,178.16955879037602,111.4272815492058
221,154.35779346624992,57.16977908051994,178.6996659929091,129.05331704749022,163.19939217050577,126.43447603119347,169.91626216604794,129.65444995794198,114.26278358122244,123.40078406785742,179.72630621992528,110.04996203007308
222,153.74854020333206,58.346730571922095,174.63980560863519,131.8380847821857,165.84762352707008,132.63361509164386,170.37951958854362,126.85983042531751,117.61843326124716,120.89530699531392,179.0647199140873,101.44080104392943
223,155.15556366640328,56.939654066422655,176.08462426744637,139.40017565044977,163.50660679831174,117.27697334098116,165.43826239515587,146.4911135670083,107.53039777514579,118.61615790594084,176.4591985112276,117.87218252909551
224,156.96739331279042,55.740270856240606,174.74599694525764,139.1607709013497,162.40551661384615,117.75094601989687,164.69805266472517,151.6504235713591,105.99656251413266,119.41680502433721,176.5921487982933,123.20303169758019
225,157.33976632215166,55.02027459879097,178.00440995837937,150.68922066163137,170.2968303191566,134.51370522180824,155.17359363029303,159.20874744325593,99.25540762242187,119.49308058920576,173.04442609459863,147.9142846736651
226,158.06623752219897,55.328119270569545,176.82638663215764,151.91857979982527,171.34481854395958,135.55570468419182,157.13328756627556,143.38679633945333,109.18784184532866,120.45498322150144,173.88229975615732,148.36545668048686
227,157.67531898498498,53.908849129486164,174.20363348695977,162.01446660365914,178.23949164506809,138.70659979529614,147.9532075148155,130.41119530705123,127.51186144152923,120.25297623739402,174.9300515042795,157.69901075709248
228,156.12400714998932,55.496261466445986,174.39142524471814,160.06260860757348,179.02869865173116,142.15244451071752,152.98543029567102,117.85165948508688,128.55753102000017,123.2758977882699,174.1709171454167,155.90538959925385
229,168.4182137300856,49.62077838580319,168.4587627970391,164.03716325679025,179.77945454227984,141.75681216370975,156.17013263756817,94.67203690947474,147.0283061614237,124.00954748900429,177.34314039338986,134.32685684633014
230,172.66395009497936,47.81013460154077,167.0245189250082,163.61862113356207,179.15908412615133,136.94576223454126,159.47180960450837,93.42693435201345,138.60023068399366,124.4681083617281,175.5343307777509,126.35393985746491
231,178.05553803807132,43.215242702082435,169.5780668320978,161.20987593596658,173.4524791920107,165.48561740616753,161.7100044455905,93.33407075122943,138.78829061830137,127.26032635433751,168.2706858745032,127.67310516169388
232,179.96094267582407,41.42715224555843,169.80795067886433,160.97275013769823,174.9916033152258,148.18145143853735,163.43271288483,95.05272644155811,137.19691435078911,124.75850240420229,160.64388514087983,125.07874410874433
233,179.7481677258686,44.09029497248957,172.20031383291493,162.72226838287384,175.90651943752104,156.18060766867958,165.30401080255214,85.59411061152215,142.7253242172942,123.91549172737038,148.0422711200555,120.77303322703551
234,178.89289783903715,45.3345901437184,172.8702141762512,163.08148014168037,177.72357000664465,161.38251645721317,167.6357202290763,85.55286347029347,142.21552065905516,122.85090833198055,143.5664330315952,126.38500238294492
235,179.44565859100868,46.10293389721744,170.94607526667647,160.71925361994013,175.86281515584415,146.02634591435424,165.90684335775052,85.55111675450559,151.36269106236287,124.80881698536172,136.0087743583969,125.03846950293351
236,179.82710655520754,46.110676130141655,167.3905393022014,159.92951095176213,173.99181734633467,137.6227397791132,167.58180916103262,86.32087547762688,149.617941564496,124.18801169232475,132.40143534758508,129.41148657826156
237,175.7426541369886,45.8514841028022,166.7086976110964,155.67391630238706,169.86179781382347,128.39035825315997,168.07501477553876,84.6584453890665,160.27639187882224,126.28586553926377,128.33786953955442,133.1513913894967
238,174.42883790016873,45.27361177387377,165.70234508718568,153.8761782266593,167.89305586598618,138.78019770684392,168.11279947653134,85.71505054151909,160.26313511434913,127.01973794079885,127.78272662474738,141.44483559238068
239,172.14026178604877,44.13165510898807,167.54260054072375,150.2733760525433,165.13041139279287,144.91714104350748,168.61593353023278,96.61808764962949,162.78095636627634,131.68842112660346,127.09847447343276,143.02032839968274
240,173.2265456078894,44.537613020783624,167.27307387056,150.40274608739966,166.00499763630742,138.5568231809806,166.85462173416235,101.54649219190182,157.02699019838897,130.52758074115528,128.72118307856917,146.1965006947952
241,170.0646922300402,43.497800491075,167.0604627638175,149.33133325455304,175.67731193540195,122.95105043335136,165.9797010294863,109.17369732342678,146.6969948936258,130.91460001953214,126.78266605069737,141.31068656711375
242,171.01731683284802,45.45825482474646,165.42614793587492,150.30476031916328,177.93693977351066,118.5499485057361,162.15931598608708,111.60420995859481,153.7269485246612,128.67084688652156,126.13423215351905,145.44674560974357
243,171.41088707772747,46.38082461019053,165.21141221076593,146.63754167650558,178.024954575998,130.6358164769764,164.65925329292182,114.73716918340062,147.60712277731815,131.58168150054124,128.839383633363,144.24174815986203
244,171.81686350454376,46.91587225762089,164.71033244756495,144.87057300359405,179.85866634709956,126.44748085711072,163.77035350133156,113.82557107972035,149.51432997322706,132.3458795814084,131.63243652563833,146.2828301358665
245,172.06676400669602,48.892166610475385,167.67272436788184,141.64439543926244,177.72321208959602,125.9217461729728,166.92289725088045,119.22508125405213,141.5824871566296,135.8713059619387,140.2887509163254,148.3385980551503
246,171.6481181761256,48.377828415405304,166.7725955021895,139.83441162744484,179.2972257763209,132.63979694405475,166.4955566817117,117.06586729468155,145.18721218447936,136.13248555244786,141.701175604135,145.61273534812054
247,175.54329151388447,54.06678254203433,174.34318261417562,137.66165718239122,178.17572563095885,126.54109119182442,174.8928463328565,111.05798657716234,156.58803813549662,135.42143340293538,141.12796463803454,152.24863645071068
248,175.08721939957962,53.32059177844911,175.9962326497895,136.8043658486341,179.48581301677353,128.03579785801205,174.17066681377992,109.86730273889283,158.73951949047787,134.31162194786577,140.2510339176459,148.0589839802658
249,177.3452292775153,58.66229695261967,170.2431421727548,135.3991985595659,174.54485978597597,126.73464102961083,169.7050384863071,109.68496540973229,163.08425528194732,137.75548375410813,142.8860160142158,151.0320754803446
250,178.15571661841605,60.01737575649332,171.15848680242553,138.30362759801898,175.47373929037423,129.04108828244597,170.3974361667705,111.1773610330411,162.3707254973617,136.2303490705954,142.46485257026953,147.0931774708002
251,176.61956937987324,67.31489209577728,167.28427172585737,137.18773558211575,165.69035634736875,132.35624144727248,170.25212741812527,116.73556898220167,159.19201605917485,134.7679176908626,138.06813898177288,157.8531931785452
252,177.6738102077297,69.98620742902847,162.92426243421366,136.7051191385053,162.96975426923166,130.2329609552526,171.3208864058847,117.59708982718409,157.77724492045854,135.87603741811782,141.08107620990646,152.13545365276167
253,177.42199064494767,84.90616120757221,156.12923219399076,135.4824808102163,150.55094851794806,131.15302563991798,165.84843158139634,130.78102351241373,154.38015302325925,134.70140131411185,139.7856196650702,154.45622407001443
254,178.28181593383292,91.11766017114445,157.65448944368077,136.09332468018567,147.16205865093318,131.65241096391864,163.7908333806593,131.90286825522114,159.2639833243146,134.03388015596607,142.1960095622021,153.2438565277677
255,170.60837576167026,143.1558716605406,162.29793941186404,137.82157836908527,153.04360679690785,132.48025930952556,152.179170084633,142.12219441301423,164.97358564531635,137.52894048788036,151.90480917717036,153.2528665192972
256,169.17055593295822,153.45074045118344,158.50014126623745,138.94356856916127,155.75793816580827,131.80594266654924,149.28806326791423,145.11473911444486,165.01340990756682,138.7877912668203,155.3872764639497,155.1069027896028
257,169.34882131533877,179.75005844134327,173.05707059723704,146.4264342153363,170.02195122827592,152.76571446834987,146.00946103771201,144.94010544447136,177.49869605728847,140.63380628127206,159.5120909213467,150.86618850737534
258,169.52945393770796,175.37244021298164,171.14586315524954,147.80696168721013,175.1262560250258,155.87768162271627,146.3463645101502,145.29034664412907,177.89969319462801,142.4755419502852,161.9986533648478,147.6153494833401
259,168.796247144086,169.36983989351327,178.43477288497013,149.50012940656308,178.24035204663522,145.23579637952537,140.49031355011883,145.09495706266915,171.4584689523615,147.7770729519705,167.6449473113992,150.22902411048096
260,167.1424220147736,169.09792775652474,178.04838481285677,150.4659209752532,176.64248623610086,151.44786590183745,143.82933142342068,146.16089544042285,176.02360542660077,149.11504331009135,168.5493311833909,151.182348517178
261,165.5162397780335,165.19756235897393,165.99289438387456,152.1822287353175,174.80372885213376,167.10701313016813,140.4621261943917,147.54509778282437,175.35923324660115,158.94853139405785,178.22037385719676,144.93150015626154
262,166.68074436649073,167.0415372264853,167.35567276574764,151.1544473747691,178.01422092448223,151.6607298768885,142.3107153173024,145.74244927133202,173.8560563538258,160.30822135881672,179.89108990722985,144.06290035505953
263,169.20106269847608,172.92818206594026,179.62145518924885,146.12587534154537,164.92776035418638,133.8012750123401,150.8564210138822,139.01061490550956,164.9392325854605,169.84657180077815,176.82518625549145,150.12009488051575
264,169.70981396095706,173.61965540640014,177.99282546830534,144.4412441389254,162.74191199967476,139.65015230928884,147.75236974567218,142.16780274894646,164.28121404829312,169.27111049300854,178.3800894352908,153.39750450390176
265,168.6171885218424,179.4390353215207,171.51509152398987,143.1592860313034,143.124621697953,118.35269428175076,154.15689429504368,137.1191861767319,158.63605174191824,172.8818475697482,176.93207313269258,145.83400014682192
266,168.30177564349057,179.13262016935005,173.49021597398382,141.86319277107324,144.35193013784757,116.14473471525162,150.06155814553964,141.88844541926605,159.6009857588468,173.06771914039592,176.9184883626552,151.64418534152418
267,163.18788420609496,175.75391379232178,171.1845517693783,141.2893253878356,128.8766678389044,127.19964574565321,150.26427296079476,139.20524879891192,158.67999303766155,174.86270700626653,175.7181669970603,154.35011088518598
268,161.17785463144386,171.25558101648627,168.79303751022923,142.08961905330463,128.70067672418793,129.88707098525782,154.14509050876842,136.66324172957144,160.79034939495995,171.86622853160264,177.51717082626408,155.48287582812748
269,154.9287771269649,160.91113173337467,171.03720731029424,136.88562756381572,114.46833622987023,137.27017711961508,147.7096234690828,142.78087297835106,164.20684811896137,173.96931102589133,175.94008592433863,155.15253702208898
270,154.3233274413221,160.11805022033897,172.99217193222742,135.2014915174561,115.26316181194491,136.91546023313248,149.45900246915633,141.4149274626169,163.40778475300675,172.52220388849736,178.94834537342587,161.750539933825
